Ghaalib bin Hasan,990519-01-2041,Ghaalib@gmail.com,0,a,Malaysian,DA,true,false,0,300.0,300.0,true,false,false,false,
Abdul Kader bin Muneef,970321-06-2034,Abdul@gmail.com,0,a,Malaysian,D,true,false,0,300.0,300.0,true,false,false,false,
Saahir bin Quraish,021203-12-0321,Saahir@gmail.com,0,a,Malaysian,D,true,false,0,300.0,300.0,false,false,false,false,
Faadi bin Hakam,750228-03-0245,Faadi@gmail.com,0,a,Malaysian,D,true,false,0,300.0,0.0,false,false,false,false,
Abdul Kader bin Mazeed,920302-02-0271,Abdul@gmail.com,0,a,Malaysian,DA,true,false,0,300.0,0.0,false,false,false,false,
Jusoh bin Merdeka,760321-02-7854,Jusoh@gmail.com,0,a,Malaysian,D,true,false,0,300.0,0.0,false,false,false,false,
Yahaya bin Hitam,890401-03-0351,Yahaya@gmail.com,0,a,Malaysian,DA,true,false,0,300.0,0.0,false,false,false,false,
Yeop bin Rabu,020312-02-9821,Yeop@gmail.com,0,a,Malaysian,DA,true,false,0,300.0,0.0,false,false,false,false,
Baba bin Suria,030201-02-3203,Baba@gmail.com,0,a,Malaysian,D4,true,false,0,300.0,0.0,false,false,false,false,
Jasra binti Noori,060212-02-1023,Jasra@gmail.com,0,a,Malaysian,B,false,false,0,300.0,0.0,false,false,false,false,
Hujja binti Naadir,7603-23-01-0465,Hujja@gmail.com,0,a,Malaysian,B,false,false,0,300.0,0.0,false,false,false,false,
Habeeba binti Ghaali,950419-02-0251,Habeeba@gmail.com,0,a,Malaysian,B,false,false,0,300.0,0.0,false,false,false,false,
Rabdaa binti Abdul Jabbaar,920304-01-5643,Rabdaa@gmail.com,0,a,Malaysian,B,false,false,0,300.0,0.0,false,false,false,false,
Thaabita binti Siraaj,920302-06-3021,Thaabita@gmail.com,0,a,Malaysian,DA,false,false,0,300.0,0.0,false,false,false,false,
Linda binti Putra,760403-09-0231,Linda@gmail.com,0,a,Malaysian,B,false,false,0,300.0,0.0,false,false,false,false,
Bulat binti Sagari,990203-01-0253,Bulat@gmail.com,0,a,Malaysian,D,false,false,0,300.0,0.0,false,false,false,false,
Putih binti Ahad,670430-06-2345,Putih@gmail.com,0,a,Malaysian,DA,false,false,0,300.0,0.0,false,false,false,false,
Minah binti Labuh,5930201-03-4532,Minah@gmail.com,0,a,Malaysian,DA,false,false,0,300.0,0.0,false,false,false,false,
Junaid bin Miqdaam,970301-06-0234,Junaid@gmail.com,0,a,Malaysian,DA,true,false,0,300.0,123.0,false,false,false,false,
Ching Chong,651231-06-1234,Ching@gmail.com,0,a,Malaysian,B,true,false,0,300.0,0.0,false,false,false,false,
Bal,0102,mail@gmail.com,01010101,p,malaysian,PSV Conductor,true,false,0,265.0,0.0,false,false,false,false,
